dataset,feature_set,model,numeric_features,categorical_features,validation_mae,validation_rmse,validation_r2,test_mae,test_rmse,test_r2,train_rows,validation_rows,train_validation_rows,test_rows
aus_us_overlap,extreme_weather_only,ExtraTrees,76,3,0.39487607297882743,0.5052923672981546,0.777153184436015,0.5008490018113516,0.6612105304899647,0.7184288293749548,1293,300,1593,353
aus_us_wheat,extreme_weather_only,ElasticNet,76,3,0.4612264908532082,0.58215847080184,0.6670377085982324,0.5113050350456847,0.6966809157446566,0.6890203978576743,396,90,486,105
aus_overlap,extreme_weather_soil,HistGradientBoosting,138,3,0.46252501949973374,0.5848727630510928,0.6016448157213024,0.5819071391116593,0.8900213069849795,0.4902977274361814,525,120,645,144
us_overlap,extreme_weather_only,ExtraTrees,64,3,0.33482151585582043,0.4154763322416802,0.850862277406044,0.4368608024231035,0.5342489083415314,0.8014575732968429,768,180,948,209
